{
  "extractor": "docling",
  "confidence": 0.9500000000000001,
  "character_count": 14139,
  "extraction_metadata": {
    "extraction_time": 5.090102195739746,
    "pages": 5,
    "tables": [
      "Table 1",
      "Table 2",
      "Table 3"
    ],
    "sections": [
      "Kontoauszug 2/2021 Girokonto 21377502, DE51 7525 0000 0021 3775 02",
      "S Sparkasse Amberg-Sulzbach",
      "Girokonto 21377502, DE51 7525 0000 0021 3775 02,  Ramteid GmbH",
      "Girokonto 21377502, DE51 7525 0000 0021 3775 02,  Ramteid GmbH",
      "Hinweise zum Kontoauszug:"
    ],
    "has_tables": true,
    "has_formulas": false,
    "document_type": "invoice"
  },
  "file_size": 14213
}