{
  "extractor": "docling",
  "confidence": 0.9500000000000001,
  "character_count": 11158,
  "extraction_metadata": {
    "extraction_time": 3.8734824657440186,
    "pages": 3,
    "tables": [
      "Table 1",
      "Table 2"
    ],
    "sections": [
      "Kontoauszug 1/2025",
      "Girokonto 21377502, DE51 7525 0000 0021 3775 02",
      "Girokonto 21377502, DE51 7525 0000 0021 3775 02,  Ramteid GmbH",
      "Hinweise zum Kontoauszug:"
    ],
    "has_tables": true,
    "has_formulas": false,
    "document_type": "invoice"
  },
  "file_size": 11213
}