{
  "extractor": "docling",
  "confidence": 0.9500000000000001,
  "character_count": 11616,
  "extraction_metadata": {
    "extraction_time": 3.9337000846862793,
    "pages": 3,
    "tables": [
      "Table 1",
      "Table 2"
    ],
    "sections": [
      "Kontoauszug 6/2023",
      "Girokonto 21377502, DE51 7525 0000 0021 3775 02",
      "Girokonto 21377502, DE51 7525 0000 0021 3775 02,  Ramteid GmbH",
      "Hinweise zum Kontoauszug:"
    ],
    "has_tables": true,
    "has_formulas": false,
    "document_type": "invoice"
  },
  "file_size": 11684
}