{
  "extractor": "docling",
  "confidence": 0.9500000000000001,
  "character_count": 5752,
  "extraction_metadata": {
    "extraction_time": 2.987138271331787,
    "pages": 2,
    "tables": [
      "Table 1"
    ],
    "sections": [
      "Kontoauszug 14/2020",
      "Girokonto 200750750, DE47 7525 0000 0200 7507 50",
      "Girokonto 200750750, DE47 7525 0000 0200 7507 50,  BLUEITS GmbH",
      "Hinweise zum Kontoauszug:"
    ],
    "has_tables": true,
    "has_formulas": false,
    "document_type": "invoice"
  },
  "file_size": 5798
}